product_id,category_id,name,brand_id,description,initial_price,discount,stock_quantity,avg_rating,review_count,added_date,images
1,1,Philips Vacuum Cleaner,4,"Employee family stage room speak.
Should state far similar president. Should occur sport wear.",969.45,0.5,14,4.1,49,2024-02-23 06:41:50,"https://example.com/image_fed3080d-fc31-461a-a2ef-0fa5aae98192.jpg,https://example.com/image_617299ee-8538-45c6-9ec0-8ce984b64b66.jpg"
2,1,Puma Smartphone,2,Fine tough customer heart cost article before. Beautiful property station have state treatment increase.,413.22,0.44,663,4.9,1,2024-10-09 02:41:26,"https://example.com/image_b34d3db7-01d3-4885-b7a4-dece6e67080d.jpg,https://example.com/image_cc93d16f-1cd6-4bb0-a583-a6f825adb1c2.jpg,https://example.com/image_929d8cfb-815d-4a7b-b9d7-4de0db2868bc.jpg,https://example.com/image_5024efed-b3f2-4d12-ac6a-e03a81bf484b.jpg,https://example.com/image_4dc2f56a-498c-44dd-8f18-eb43f0a1673d.jpg"
3,1,Sony Car Battery,8,Huge tend along. Alone theory memory pressure end difference though.,190.46,0.44,36,3.1,29,2024-05-05 20:07:43,"https://example.com/image_edd32fd4-3e0c-4cae-bbf9-c21d1d34d884.jpg,https://example.com/image_02b84602-fb30-4a77-9f9d-c0cb8d3d7241.jpg"
4,1,Puma Soccer Ball,6,"Color station hit author art. See structure edge. Occur method environmental eight can key.
Reflect worry do. Movement husband this. Know kitchen contain anyone think tree truth we.",423.69,0.41,830,3.5,10,2024-05-23 08:01:59,"https://example.com/image_5a7ddd13-cfcf-4734-b8ad-06169a9a14c9.jpg,https://example.com/image_42e8d084-845f-44ac-a078-20b0ee97cd1f.jpg"
5,1,Canon Running Shoes,2,"Baby lead good. Send often similar public. Responsibility support fear choice soldier.
Common area ask side. Garden put his heart. Treat discussion body production national conference.",590.33,0.88,283,4.2,39,2024-06-23 06:49:38,"https://example.com/image_822c56cd-d60c-4362-b208-e2e8b158692b.jpg,https://example.com/image_8abf0850-7ca6-4af6-a8ae-65b38a72da8a.jpg,https://example.com/image_d9c851f3-9204-4905-ae8f-32249f1a1133.jpg,https://example.com/image_209ecd1a-1ffd-4186-8917-4d3d5287ce3a.jpg,https://example.com/image_64ae4ccc-85de-49fb-82bf-7752341db530.jpg"
6,1,Sony Air Fryer,2,"Offer south focus blue over. While thus foot although.
Total type perhaps treat. North service opportunity act.",93.82,0.09,625,2.4,13,2024-07-22 06:30:07,https://example.com/image_ede5d5d8-ce17-474c-af2e-1e52066fc033.jpg
7,1,Bosch Running Shoes,6,Free window produce both current miss. Special difficult admit forget carry. Behavior culture under easy heavy beautiful fact.,334.99,0.92,864,4.0,1,2024-10-06 14:39:01,https://example.com/image_3d29e572-8cb2-4321-9820-eda0909893db.jpg
8,1,Lego Laptop,6,"Six idea create. Respond main science Mr read cut feel.
Increase wife letter nation but certainly.
Author hand happen gun call treat discuss. Professional although force participant soldier we.",39.15,0.84,180,4.7,11,2024-10-02 05:05:40,"https://example.com/image_c04c6bae-c308-407a-b11a-f6051fa26671.jpg,https://example.com/image_f44fc5cc-547a-463a-bbac-0d06eefa574a.jpg,https://example.com/image_e2e45f8f-31e5-4a93-8740-cdd3633739a6.jpg"
9,1,Philips Novel,10,"Between cut however. Treatment claim may professor consumer mouth. Dark society whole law.
Guess likely tonight to act fund. Of room pull health baby.",360.81,0.5,534,4.9,6,2024-09-30 21:19:23,"https://example.com/image_310757c0-5b54-4a8b-9e60-41e79d2242a8.jpg,https://example.com/image_69785a7c-b8e5-43f7-a6d7-f853ef664abd.jpg"
10,1,Samsung Camera,6,"International guess provide including exist difference continue. Admit life nor television modern she.
Fly tell set mouth wish western effort. Foreign provide relate court.",157.47,0.21,715,1.9,4,2024-09-16 13:01:25,"https://example.com/image_31a93575-f4d2-4b34-acb7-a3f21177e8ba.jpg,https://example.com/image_9c09c5cc-a919-4975-bea8-f048034c3b4b.jpg,https://example.com/image_7a4360dc-0deb-4bec-86c1-a53be0929b28.jpg,https://example.com/image_9457be06-8e32-4c70-a4ad-02b29b7f1c73.jpg"
11,1,Nike Running Shoes,3,"Past record arm view national culture. Building success room race dog race eye owner.
Possible election ability maintain TV as nothing. Sometimes truth ahead forget. Wait town different town.",662.54,0.03,505,4.7,41,2024-08-31 12:03:37,https://example.com/image_f374e8f3-97ef-4c4a-987e-effc40e05c79.jpg
12,1,Adidas Car Battery,9,"Decision stay trade write pick you. Leave city film seek them design prove party.
Attorney wind spend follow individual never year.",946.49,0.8,156,4.8,25,2024-08-07 08:01:29,"https://example.com/image_f05c1fb5-849b-4d72-8266-74024a970add.jpg,https://example.com/image_042e80a7-03c5-4c22-9098-c27bf9cfdd1d.jpg,https://example.com/image_321e1c73-ece9-4264-a539-fe0328580b00.jpg"
13,1,Lego Running Shoes,8,"Animal pretty race ready. Later money shake court message population public hundred.
Speech politics physical send accept. Blue song effect need own total.",304.34,0.8,767,4.7,23,2024-05-25 02:33:17,https://example.com/image_57c86768-8eec-4b8a-bec4-8146f421747c.jpg
14,1,Lego Car Battery,2,"Yeah style right.
Give really run themselves soldier. Television field part phone. Play us leg student out food. Well paper born foreign speech fact would style.",244.54,0.14,101,2.6,9,2024-04-05 10:06:29,"https://example.com/image_65cb406b-5a44-4ba4-a5d8-76d726e23d39.jpg,https://example.com/image_02c6fc57-c0a0-4410-96e9-e9ba855010d2.jpg"
15,2,Lego Running Shoes,4,"Mother eight yard political fire security. Everybody compare admit.
Better stage figure range rule way number. Actually cultural agency available. Staff service from author film water.",483.81,0.79,703,2.7,28,2024-02-18 15:07:20,https://example.com/image_9ba21934-9d08-4bc8-b7f2-a17fa6c8cadf.jpg
16,2,Lego Vacuum Cleaner,10,"Identify appear nor agree eat thus.
Job hear account financial. Up president technology in police guess. Near agreement factor hard attorney effect candidate.",231.09,0.01,738,0.0,11,2024-09-09 15:51:55,"https://example.com/image_4d3ec245-0249-446c-be5e-e78ce9afba1c.jpg,https://example.com/image_da3b999a-fd69-400a-bd40-ea8530429460.jpg,https://example.com/image_c9767639-7a03-429e-af75-3fa9f685b5a3.jpg"
17,2,Sony Blender,2,"Because business somebody argue where. Beautiful or along assume.
Here protect according whether star seem send. Road reveal require court paper instead long crime.",412.26,0.04,62,3.0,31,2024-01-08 02:36:56,"https://example.com/image_43c9d815-31ec-4896-b975-c5b01dde32b6.jpg,https://example.com/image_5da8f1e2-55e9-4fca-9002-1d2577413d11.jpg,https://example.com/image_a00981f2-874d-42e3-8946-b13e16793b86.jpg,https://example.com/image_06a0aa44-c7f8-415f-9091-791f07c33c52.jpg,https://example.com/image_29391a39-8f93-458d-9609-b10267bf2b2a.jpg"
18,2,Adidas Air Fryer,8,"Class customer site modern. Top short parent soon thing around five.
Social door leg. Everyone upon tree space. High sort usually service get amount.
Present apply dream. Factor beyond various.",440.51,0.08,520,1.2,18,2024-08-15 18:32:02,"https://example.com/image_58032b48-b2c9-4253-a22b-c24f29a115fd.jpg,https://example.com/image_d8d081ee-a2a5-4df2-9fa3-0cba79053a15.jpg"
19,2,Samsung Camera,10,"Sense want and key test dinner offer friend. Piece section check summer current.
Couple its thus food. Sit fire forget red opportunity. Fact sit owner moment consumer daughter about. Onto reach send.",350.25,0.4,707,2.5,25,2024-09-01 17:17:33,"https://example.com/image_b312284a-aa1e-4788-8ca4-127a31b17ab5.jpg,https://example.com/image_3de1547c-3405-416f-b365-b8580e79c36d.jpg,https://example.com/image_39eebc3b-9e8e-4577-852f-646731806ee1.jpg"
20,2,Lego Shampoo,10,Wife special strong around far. Form police hand career. Purpose technology interview story. Close news per good leg around social.,505.97,0.94,879,4.4,12,2024-03-17 20:09:26,"https://example.com/image_b515dceb-578e-4ebe-8618-35c89c3688fb.jpg,https://example.com/image_c13948da-76c6-4205-a67e-731bf8f53315.jpg,https://example.com/image_3ec95144-18ce-49b7-86e8-35fcdc355205.jpg,https://example.com/image_19d7e04a-b0da-412d-99ab-740153d24589.jpg,https://example.com/image_756312ed-60dd-4308-83b8-5cfbfa72a15f.jpg"
21,2,Apple Novel,8,Be the catch thought nation. Shoulder him house dinner house discussion. Nation various scientist cold high action.,295.13,0.41,161,3.9,20,2024-06-09 14:24:34,"https://example.com/image_65a4703e-2734-4c5a-a0c3-08ca908c0f55.jpg,https://example.com/image_c96a3b09-6f32-4c03-ac0a-75ea57df395d.jpg,https://example.com/image_f1a37c9a-d553-4cf7-b960-98ba299d3fe5.jpg"
22,2,Samsung Shampoo,3,"That house woman movie. Particular show seat defense move economy develop.
Marriage collection already south country cause. His left benefit event total.",517.41,0.92,475,3.8,6,2024-03-27 17:53:33,"https://example.com/image_5f5bd3b9-436f-4b7b-9b00-6e91fa262749.jpg,https://example.com/image_f3d74c75-2bd3-4cec-a400-018e4c165dd3.jpg,https://example.com/image_cf7939e0-1475-45fd-aa0f-931671536556.jpg,https://example.com/image_f27f3cf1-f534-40d6-9d5c-5316462fb45f.jpg,https://example.com/image_0981c280-24c4-44bc-8f43-5e04ba1b3d51.jpg"
23,2,Apple Smartphone,6,"Laugh feeling when worker middle board become. Difference age its human school structure.
Thing trouble behavior. Daughter general manage.",535.75,0.9,638,1.5,21,2024-02-20 09:28:44,"https://example.com/image_436163c9-dbe7-4301-84cf-83416c94fa87.jpg,https://example.com/image_93031ebf-69cf-4c4d-94ab-5db1ae63012c.jpg,https://example.com/image_71535e85-6f1f-4d1e-8a88-f503e030452d.jpg"
24,2,Apple Laptop,10,"Edge glass visit if majority term huge.
Adult strategy ability back. Option will floor head catch respond attorney.",449.29,0.8,9,3.0,3,2024-04-10 14:43:27,"https://example.com/image_c5925df3-55ec-44f4-ab04-a5aeecc5e826.jpg,https://example.com/image_1b038bb2-c60e-4da1-ba6a-999a14bcfe90.jpg,https://example.com/image_2b8f5007-c9a6-4ea7-ae21-30f23ca98831.jpg,https://example.com/image_bbeb0512-1f77-4751-9cc7-bb59563462b1.jpg,https://example.com/image_a4839197-2312-419d-8145-9711bdeb5505.jpg"
25,2,Nike Soccer Ball,2,Especially small full glass. There subject hold sea race region already. Although lead blue yourself explain list. Course per data little medical.,616.73,0.49,196,0.8,50,2024-03-14 05:31:11,https://example.com/image_0b1c30f6-7b04-4b38-b63c-40e14eee03da.jpg
26,2,Samsung Laptop,9,"Who air model. Office nothing level employee production sometimes road.
Father man participant stand mention skin sister. Last manager media sound. Television smile throughout finally.",897.64,0.89,335,0.6,16,2024-03-19 12:46:43,"https://example.com/image_4ffea410-9937-419c-931c-672beefdce1b.jpg,https://example.com/image_40682cb4-cf15-4313-b094-b9d8f792e183.jpg,https://example.com/image_48a03a25-06f3-44a7-97a9-af86316a200e.jpg,https://example.com/image_901cfed9-e9f1-494f-af8d-f86827635dfa.jpg"
27,2,Nike Smartphone,3,Single lose security nothing beyond modern. Community raise data account discussion investment gas. Real whose more program successful defense. So both central consumer thing.,629.71,0.37,675,5.0,45,2024-06-18 19:09:32,"https://example.com/image_62a1e281-987c-4f13-81e4-886ed69fef75.jpg,https://example.com/image_302e06ce-c0de-4004-ac3c-9b67c7330e93.jpg"
28,2,Bosch Blender,9,Behind explain factor fire material reach. Treatment condition peace huge. Hospital he practice billion.,385.51,0.21,730,2.0,19,2024-02-15 06:58:33,https://example.com/image_6459d492-aa66-4589-9675-bc0e50a32613.jpg
29,2,Samsung Camera,5,"Raise no ever.
Left fall east boy look stage mother. Hot bag bill crime here. Fall and option network condition.
Pretty thing career sign deep time. Century truth major environment.",156.42,0.66,730,4.6,1,2024-10-05 23:12:09,"https://example.com/image_a9316d13-77e5-498d-a4c9-8f28872ba546.jpg,https://example.com/image_fc45aa8c-40c5-43ce-ae84-c406160b5377.jpg,https://example.com/image_55f92981-7b81-4e58-94ed-7339bad0fd11.jpg,https://example.com/image_5a6a5b48-d8cf-4fd9-829b-b2856069210a.jpg,https://example.com/image_71cace19-1817-454e-9310-c1b5b8ea3881.jpg"
30,3,Nike Headphones,7,Arm never none positive fund generation international measure. Need century effort operation travel already reveal. Glass save no would listen ever. Foot author machine color on why.,432.72,0.72,246,1.2,40,2024-09-09 08:50:26,"https://example.com/image_34de6eee-99ad-4ebe-8ceb-d8b499ed40a7.jpg,https://example.com/image_f8312962-81ac-4512-b021-a4015fde817e.jpg,https://example.com/image_b4a457eb-4ee4-4ee7-9abd-e4a10ffe3ff6.jpg,https://example.com/image_73155942-275b-4377-9128-4a503f74b910.jpg"
31,3,Nike Headphones,1,"Business data benefit Mr. Suddenly themselves important employee heart vote game.
Change market option black recently political else to. Space as government indeed put so.",164.13,0.37,75,0.9,13,2024-10-06 09:00:52,"https://example.com/image_ff8840a8-6725-454d-b942-b8bd1341fedf.jpg,https://example.com/image_0ad3f04b-529c-470a-8c83-721fc5cc4df0.jpg,https://example.com/image_872d6c8c-1101-4e34-9424-9fd2c17f5cc2.jpg,https://example.com/image_5a8835fe-c015-459f-b31a-dece013b3652.jpg,https://example.com/image_877797a8-c661-4730-9a27-3439e822ad19.jpg"
32,3,Puma Vacuum Cleaner,4,Plan join onto mean. See system wear ask admit future Mrs sign. Whether may believe scientist yeah mention decade. Today paper sport seven owner throughout lose sport.,154.54,0.33,717,0.8,23,2024-05-17 06:52:24,"https://example.com/image_ad3e14b1-656c-4d96-8a4b-5dc731cf801d.jpg,https://example.com/image_3da9d6bd-7a3a-47ce-a350-18bc4a799202.jpg,https://example.com/image_4b627d47-2060-4255-b45a-b599f61ca04f.jpg,https://example.com/image_a24cdce3-7224-457f-9751-2ab3651c0f40.jpg,https://example.com/image_e8a9924c-f492-4e19-91e6-1ee4775269f3.jpg"
33,3,Lego Novel,2,Recently one every leave increase particular. Discussion weight model president. Safe character term conference father lose rise.,902.24,0.98,734,1.4,26,2024-10-12 11:32:05,"https://example.com/image_8e16e7a9-b2b6-4a56-92e6-8004667b09e7.jpg,https://example.com/image_4cca56c7-d3c6-436c-8169-47dcfaead06c.jpg,https://example.com/image_eda2c546-abcb-417d-b5a1-7b5aff63e5ce.jpg,https://example.com/image_3b34c6cc-7888-433e-9a56-62432420406e.jpg,https://example.com/image_1f698969-8ec3-4316-ac5e-6785ecf80fd5.jpg"
34,3,Canon Car Battery,5,"Daughter keep create prepare already. History four each keep toward.
His light decide among group fact receive fight. Cell dream local upon. Choice final effect support.",858.77,0.93,683,5.0,22,2024-01-28 18:39:00,"https://example.com/image_2064a892-f6aa-4f59-b3f7-2a7a940d8ba3.jpg,https://example.com/image_76a22066-1d45-4210-abc8-011e7cc77847.jpg,https://example.com/image_b4022d40-1b84-4264-80fd-d3571e38f62a.jpg,https://example.com/image_e3c0bf3f-f12f-4b78-92bc-7620dcdaa6de.jpg,https://example.com/image_8b4e81bf-9bf7-4f20-ad5c-a2dca873f1af.jpg"
35,3,Bosch Novel,10,"Second without air change job second direction.
Popular crime loss level budget behavior. Cold after court cost nearly financial.",342.15,0.88,193,2.7,26,2024-02-02 19:06:34,"https://example.com/image_76c7b69a-e776-4a79-bad6-02eeb70f1d19.jpg,https://example.com/image_728aa666-71a8-4f9b-ab3b-5efa521867b4.jpg,https://example.com/image_005cb92f-6a0e-4aba-a49c-5508fa546cf9.jpg,https://example.com/image_58407501-06db-4f2c-95bf-1c9002da8092.jpg"
36,3,Philips Car Battery,6,General system player executive. Unit outside subject full skin discover author under.,771.71,0.25,222,2.2,17,2024-01-14 22:41:26,"https://example.com/image_1523388b-862c-4fef-ad31-8f64a91e26b6.jpg,https://example.com/image_e2860272-6903-466e-824c-f47c1aa6c2da.jpg,https://example.com/image_a0384669-c13c-4659-911f-d43ad78e17a1.jpg,https://example.com/image_80f2bf04-ed16-4ebe-b3a0-4c08b5f16b63.jpg,https://example.com/image_23842766-4ef7-4970-bb8f-a5307c02e3e4.jpg"
37,3,Nike Laptop,2,"Piece expect chance one whole. Low money wind brother true buy. Compare forget important prevent arm sing.
Community probably hold. Nearly final miss condition appear until mean.",337.69,0.73,966,4.4,35,2024-06-18 01:05:42,"https://example.com/image_5dc9e8ba-581f-43b9-a4de-8b5d79fdd5ba.jpg,https://example.com/image_e5c3f2d1-ed9e-4799-8f34-23874243e1c2.jpg,https://example.com/image_19e3aa0f-ded1-475e-b527-fbcd758eba8a.jpg,https://example.com/image_436d5ba5-3564-4034-aef0-c9cc4093a187.jpg,https://example.com/image_7e56480b-65fb-4a4d-8b0e-158151f166fb.jpg"
38,3,Lego Soccer Ball,1,"Fund foot call develop. Book can small project idea surface since human.
Require have expect itself where war because. Quickly wait article individual arm.",614.75,0.37,958,3.1,17,2024-05-25 23:56:23,"https://example.com/image_e612e0c5-6a94-407f-be4c-e1be984f01d2.jpg,https://example.com/image_558babaf-c762-4bd1-b5cb-6c984be830b2.jpg,https://example.com/image_8b6319e5-2fc7-4ad2-b0ce-d34c1ff17075.jpg"
39,3,Sony Air Fryer,1,"Office special series. Tough interesting never nature necessary.
Field look character possible decade energy young herself. Catch second prove.",158.85,0.45,403,1.0,7,2024-02-07 16:15:59,"https://example.com/image_79f3070a-37ea-4be7-9e32-6f96273959c6.jpg,https://example.com/image_ce2c913f-3ce6-431a-8a60-a0b5288d917d.jpg,https://example.com/image_3c9d5f3b-b2e9-4a13-9b7c-1ffa96bc5a0d.jpg,https://example.com/image_94b57517-8b44-4966-81d8-96d98c106239.jpg"
40,3,Apple Laptop,6,"Contain hospital during realize them. Movement population water of. Hour project choose firm son property car.
Health improve bag. Course nor north involve mission feeling old. Yet ask too foot.",179.44,0.54,738,0.7,36,2024-08-08 07:20:55,"https://example.com/image_2f84d62f-974a-47c5-8974-4447b7a5ae38.jpg,https://example.com/image_fdb11e96-ea8c-40d9-87e9-98eb953f6c1e.jpg"
41,3,Lego Blender,6,"Read game draw cup long story upon. Record participant policy where economic message fall.
Best occur often six bar wait thank.
Popular production among house like. Theory chair attention.",193.25,0.11,7,3.3,9,2024-01-07 03:16:53,https://example.com/image_695bfc2e-c606-451b-9a99-d6a1a27e7487.jpg
42,3,Puma Soccer Ball,7,"Describe that case vote miss.
Effect one unit after. Change pressure thus watch born who knowledge.
Everything tonight organization structure more suddenly.",471.82,0.62,111,2.6,43,2024-05-18 20:35:47,"https://example.com/image_35806aa0-5358-4b20-8ab4-60a8ee4a8dcb.jpg,https://example.com/image_68645d68-8736-47b1-9227-288ad5e494aa.jpg"
43,3,Sony Car Battery,4,Natural too future. Relate only major too next with. Real debate production less politics become. Yeah begin Mrs tough.,799.46,0.6,17,2.1,30,2024-01-20 16:27:48,"https://example.com/image_1ab8a817-2c36-498b-be98-552bdd13b0b2.jpg,https://example.com/image_2c6ae25d-0425-44fd-81d1-d260855b5af6.jpg"
44,4,Puma Smartphone,9,"Anyone toward air month. Similar four build brother. Others her thus could mission manage.
Inside word save tend election sport worker subject. Magazine under always miss force mother.",272.84,0.36,164,3.5,22,2024-07-29 07:49:47,"https://example.com/image_8d991e9b-abc8-4e51-b940-326ce0f56bc6.jpg,https://example.com/image_f661321a-a4d1-45bf-b735-6fdd66c4c10f.jpg"
45,4,Bosch Soccer Ball,10,"Mission left wife today south age. Bank huge matter.
Father including marriage fine field democratic. Maybe region open rock book government expect book. North send situation half sit.",272.07,0.31,276,2.2,43,2024-02-18 02:19:47,https://example.com/image_b6499e2b-9a7d-43fc-b199-31a40041a3e3.jpg
46,4,Lego Laptop,7,"Style whether picture generation. Certain save shoulder hold person.
Control guy hope world. Law social meeting example program by industry.",604.03,0.54,945,4.4,24,2024-06-25 18:11:46,"https://example.com/image_48ffb80f-1720-492b-97f0-71fe7fd90581.jpg,https://example.com/image_1f382e31-5588-47bd-aff3-96b01c9daa67.jpg,https://example.com/image_04633026-ddae-484a-a18c-b3a5c26152f1.jpg"
47,4,Samsung Soccer Ball,8,Method discussion mind eight pull serious according all. Effort arm system interest less easy produce. My begin any out.,900.77,0.16,522,0.1,34,2024-07-16 18:48:46,"https://example.com/image_b8280384-c774-4fba-9c5a-c0ff74d927ce.jpg,https://example.com/image_e6e40ca7-2e42-45d7-92f3-a7525b3a90ab.jpg,https://example.com/image_87a9137d-adb7-4a98-b2bc-0ae9355ac06d.jpg"
48,4,Bosch Smartphone,6,Voice little describe senior bill house article bank. Beautiful easy do break. Determine kitchen black put notice.,485.6,0.6,468,4.3,1,2024-09-09 02:42:49,"https://example.com/image_9a42c685-e537-4f58-a33b-0c7e87923219.jpg,https://example.com/image_dda034b6-f963-4b4d-99a1-19a39edbf4b3.jpg"
49,4,Samsung Car Battery,9,"Play politics strategy. Finally floor admit then per. Civil door according increase information.
Accept discussion quickly rest former popular. Per mean Congress clear without always claim.",511.43,0.71,667,1.0,29,2024-09-16 17:03:19,"https://example.com/image_2549f814-70e3-42e9-9226-08ec703fbf8c.jpg,https://example.com/image_0d9ac439-923a-4a97-ab38-64e9d5275a55.jpg,https://example.com/image_24b40e78-61a4-46a8-8a94-982419186724.jpg,https://example.com/image_32f327af-a847-431d-a3a5-fd7fd7034569.jpg,https://example.com/image_82b5fa27-5e69-421e-afc7-1fd89ccfbe00.jpg"
50,4,Samsung Smartphone,5,"Painting song attention child maintain movie. Only history red piece field more before.
Author hour board. So help simply far day start member. Light author exist term store why late natural.",465.25,0.99,979,2.9,28,2024-02-13 13:45:13,https://example.com/image_431f8791-face-4cfe-a879-6298ea5bfd9a.jpg
51,4,Adidas Vacuum Cleaner,3,Industry prevent unit bring for. Find reflect politics I effect leg conference.,167.92,0.88,441,2.3,22,2024-06-01 13:38:55,https://example.com/image_3dbe8d67-da17-458f-a7fd-ea77531590eb.jpg
52,4,Puma Smartphone,6,Push people bed husband write election. Raise full break price thousand traditional laugh. Because sound meeting drive need.,502.93,0.06,876,0.2,47,2024-09-30 14:20:20,"https://example.com/image_f28c7edb-7f70-42a1-911a-8a4752a3aa8c.jpg,https://example.com/image_41389a1a-ecd0-45c7-827a-8836e8107184.jpg,https://example.com/image_3315e8ff-6e1e-4ed1-9f88-5486b0857718.jpg"
53,4,Apple Laptop,6,Answer boy best outside local north. Policy watch style start go sign.,708.52,0.46,482,2.3,7,2024-07-16 23:09:30,https://example.com/image_6fff283e-0317-4379-b2b8-5747a1974d0a.jpg
54,4,Adidas Smartphone,3,"Person rate see. Movement soon meet.
Better measure also training record. Imagine partner source.
Certainly American man will scientist. That yet rise author husband.",385.65,0.91,255,0.8,27,2024-04-13 07:45:33,"https://example.com/image_842348b6-adc5-4d0a-af8f-676ae7cb1a49.jpg,https://example.com/image_ac1a8008-a5c2-4bf0-a8c3-ade3a73c1a31.jpg,https://example.com/image_5fac266a-8d53-45aa-ba4c-53917bc25ce4.jpg,https://example.com/image_e8d17cf9-533c-4daa-bfc5-dd5e6a6a2220.jpg,https://example.com/image_e279cb03-0743-47cb-aef1-c27f9e6d261c.jpg"
55,4,Samsung Shampoo,9,"Fear girl individual store or lay white.
Exactly lose certain benefit five door. Computer laugh indeed property nature million material.",190.09,0.25,519,0.5,43,2024-08-17 06:27:39,"https://example.com/image_10772d80-a486-4adb-8e7f-61b21b28b19f.jpg,https://example.com/image_cd187386-933d-48c9-a356-ce5541385542.jpg,https://example.com/image_8017e9c9-c576-4695-8fda-18e896b7e5cd.jpg"
56,5,Philips Camera,3,"Plan item mean nature. Once worker partner agree one difference.
Exactly protect bad your painting.
Court no air field we morning. Strong coach maintain measure. Phone chance hope.",201.87,0.07,813,2.4,3,2024-04-29 14:38:07,"https://example.com/image_4deac7dc-edf4-4772-bbab-0434371f390a.jpg,https://example.com/image_b6b1c0f4-1676-469b-9779-be130ab67e6c.jpg,https://example.com/image_2abd2967-5b3a-4098-b596-fb84d23c9ed2.jpg"
57,5,Adidas Headphones,3,"Professor present nearly. Land better safe meet lose response.
Should doctor authority candidate economy. Network fill beat involve open dream leg. Budget theory buy him especially name agent.",760.31,0.99,18,3.9,41,2024-06-04 03:59:20,"https://example.com/image_9ee13fd5-504d-4c1b-93f8-ae870bf63546.jpg,https://example.com/image_c646e972-0c1a-4d75-b8ca-c9554d9c1d87.jpg,https://example.com/image_f8b5bf8b-ded7-4096-87bd-48ef84a48bd1.jpg"
58,5,Bosch Vacuum Cleaner,4,"Teach indeed dinner.
Not modern news performance stay direction.
These spend statement hit. Expect agreement science occur. Subject respond myself represent line check responsibility.",944.51,0.13,930,4.7,10,2024-09-11 00:44:02,"https://example.com/image_3a93fb86-675d-4d92-aa84-2f33f7edbbfa.jpg,https://example.com/image_daf8a8c4-030b-478d-9194-a0d07a7b432b.jpg,https://example.com/image_924a30f7-2c26-49ac-94e4-334e63cbf751.jpg,https://example.com/image_86b3f5c5-3428-4e87-94b5-0269d5ebf4d5.jpg"
59,5,Apple Car Battery,1,"Tax establish medical build then recent. Several everyone although at.
Chair force notice daughter mouth again. Cold affect control foreign.",590.36,0.53,700,4.9,40,2024-08-14 12:28:09,"https://example.com/image_dd14c543-696c-4005-847f-7bd4a20ffe24.jpg,https://example.com/image_ae240935-1a19-45d3-bf7e-5a0c0cca8cf5.jpg,https://example.com/image_9e5800b8-8b2e-4509-9b86-c40e81260c27.jpg,https://example.com/image_c1dd054f-7cd3-4e46-98e0-1d583db1e6eb.jpg"
60,5,Lego Shampoo,6,"House strategy ten unit individual sea success. Yes technology area seem whatever brother us.
Few force operation more you check store.",335.54,0.87,321,4.0,21,2024-04-15 12:44:23,"https://example.com/image_8b497dc5-c454-4bca-b53e-cd54021ed7ab.jpg,https://example.com/image_327cf0a2-3c07-4f24-9a09-3cd5a57399fc.jpg,https://example.com/image_3a365ef6-630a-4717-88b2-98e5d55bfff4.jpg"
61,5,Canon Laptop,2,"Perhaps pull cause able my consumer arm. Cost hot full least money.
Investment low free late. Happy development customer day painting break.",411.44,0.42,42,1.1,36,2024-04-29 00:01:54,"https://example.com/image_7edf5457-0a21-48f7-82c9-12135775a5de.jpg,https://example.com/image_2df7f450-e624-44ca-a873-4bce5e5a6e44.jpg"
62,5,Adidas Soccer Ball,6,Respond risk should ready. Sometimes probably build candidate author. Stage hit pass matter. Particular resource onto small perform leg.,430.95,0.64,9,3.9,42,2024-01-08 03:30:42,"https://example.com/image_15ec8bb8-507a-4b62-9f76-24bb81bf8c87.jpg,https://example.com/image_bc3e34e8-9928-404d-a6cc-7daf2183bb01.jpg,https://example.com/image_ceba226a-d986-48d3-af0e-1c9bc5a69d14.jpg,https://example.com/image_3573b7e9-7c27-489c-b096-d5ead7011939.jpg,https://example.com/image_f209ede5-31d2-497a-84f1-03fecc0f837c.jpg"
63,5,Apple Laptop,10,Drop authority page today short thank hotel. Chance three tell door recognize market themselves. Wall follow thing charge.,440.26,0.14,917,1.2,41,2024-09-12 07:00:21,"https://example.com/image_c4141756-ebcd-4427-94ac-248fc018e454.jpg,https://example.com/image_106d3ee3-767c-4450-806b-1f338239b1e3.jpg,https://example.com/image_e91541be-2034-4812-ada1-5b5be7757e41.jpg,https://example.com/image_7aac5b90-8d65-4645-9e34-f2cddf8e3473.jpg,https://example.com/image_de575635-c879-43ec-a0ea-ceada962007f.jpg"
64,5,Bosch Camera,3,"Key wait defense sometimes. Even fine range ago.
Truth yeah serious consider standard opportunity.
Speak ever stay get list. Sea wife door. Manage great at great since environment time walk.",787.86,0.1,85,4.3,37,2024-01-29 07:53:54,"https://example.com/image_c8fd54e0-5d8d-40da-8e9c-66d2e55e2d59.jpg,https://example.com/image_f997d6e6-68b2-42f8-bde0-66f7562b5254.jpg"
65,5,Lego Soccer Ball,6,"Car card whom century start east magazine. Deep say television act involve.
Leg parent measure never draw just. Off trip group near event bad. Lot above local top meeting.",886.25,0.11,167,1.3,41,2024-03-18 13:34:55,"https://example.com/image_4c64a968-3fe5-4cf5-a2f1-d20c2eb51190.jpg,https://example.com/image_4e774703-e3aa-49e0-a6b9-2fb380b6d518.jpg,https://example.com/image_246af129-ab87-408c-8477-7c3880057146.jpg,https://example.com/image_16f0d1c4-7af0-4b6c-a4ec-133ed3d884b4.jpg"
66,5,Apple Camera,3,"Dinner suffer still agreement learn. Imagine news develop response. Stand number year.
Deep each thank story spend our message. Pass land recognize room recent.",591.43,0.05,922,4.1,2,2024-04-07 10:55:15,https://example.com/image_d32b1347-35b3-4372-9c01-ff91e466805d.jpg
67,5,Lego Camera,1,Fine case writer sure hard enter. That than kind foot cell. Call cold family instead whatever laugh well mind. Still source development exist forward here.,610.91,0.35,99,0.4,50,2024-08-12 16:02:36,"https://example.com/image_1fa2464a-d070-4307-8fc3-d6b0fef52924.jpg,https://example.com/image_53e30d11-57b5-4666-8151-7695ab9bb9e1.jpg"
68,5,Canon Action Figure,1,Indeed face method responsibility southern. Bank evidence left over son. Idea south beyond under.,553.66,0.44,396,4.0,41,2024-02-01 23:01:36,"https://example.com/image_ea517fcf-381f-4a32-81b0-7c316b876229.jpg,https://example.com/image_649b71ef-a05e-46a4-99b9-4345d6350bab.jpg,https://example.com/image_e6fb71db-b42f-4d12-9115-f98460638085.jpg,https://example.com/image_7c08dc46-8a80-4b90-a6ec-bd37927e7337.jpg"
69,5,Philips Blender,2,Want box per sometimes player those raise. Air soon expect near movie both example.,520.91,0.85,928,1.9,5,2024-06-09 15:18:26,https://example.com/image_a7e3e94f-8ec4-4067-9947-99f07f0c8ae8.jpg
70,5,Samsung Air Fryer,2,"Weight meet evening film.
Security image goal keep fly ask court. Us especially much word himself window practice. Probably describe other magazine.",415.51,0.58,80,1.5,44,2024-03-21 20:24:07,"https://example.com/image_bef9b50e-ff03-4d53-84bb-d521d410f18a.jpg,https://example.com/image_95263745-1469-4562-a8e0-0cea49199349.jpg"
71,5,Adidas Novel,6,"Leg right table alone. Important outside response morning old.
Clear prove billion audience expect somebody accept. Down space wide class buy into. Road share animal nothing style religious against.",501.19,0.59,543,2.6,35,2024-03-01 11:38:20,"https://example.com/image_e0dde95d-1b9d-4c66-8c58-7cd5b05ad0bf.jpg,https://example.com/image_b749deaf-f357-4dbe-97ae-ebad5987a3fc.jpg"
72,5,Philips Soccer Ball,9,"Hair that evening artist environment new space medical.
Lot citizen watch author. Upon finish church various ball. Yourself as president design try so.",158.37,0.11,450,2.4,46,2024-02-14 07:02:51,"https://example.com/image_b8ce8c2c-8482-4c31-823d-e4eff29acbc8.jpg,https://example.com/image_9d1a6d44-db7c-4001-9142-a7a5ef7338db.jpg,https://example.com/image_6d86d137-4845-498d-9f32-31aa8c0ff870.jpg"
73,5,Adidas Soccer Ball,9,Those around us pay difference out result. Blood fish mention.,418.33,0.38,418,0.6,18,2024-01-12 06:12:51,"https://example.com/image_32a1279a-f7cb-4f2b-a79c-d9dc79e3a331.jpg,https://example.com/image_0159cb03-6115-4d17-a45d-36b76dfd2ad2.jpg,https://example.com/image_ef3e5367-bc49-4aac-89d0-ea18793eddfc.jpg,https://example.com/image_21996308-da42-4eb9-b6ad-f63ddd52f15e.jpg"
74,6,Philips Action Figure,2,Music someone within large future say. Second ground throughout health describe attention receive. Media big one.,385.02,0.4,4,2.5,19,2024-09-15 03:57:17,"https://example.com/image_f437dcec-e598-466d-a84f-0f10abc64199.jpg,https://example.com/image_030b3ad4-6a51-4079-a5a7-efe400d562cb.jpg,https://example.com/image_29f60322-e30e-4006-a854-67e79018ad75.jpg"
75,6,Puma Laptop,3,"Wait level rest their test Mr garden.
Minute near stay billion. Reduce though national arm grow. Off window growth just under.",366.18,0.51,593,0.4,42,2024-02-08 08:21:51,"https://example.com/image_7ddfb127-078b-4c4c-a9fa-55131ed0ee42.jpg,https://example.com/image_35532e21-bb42-4e7a-8ef5-b1e72a7e94b9.jpg,https://example.com/image_24b8bf4d-c921-4bd0-a2ce-e0adaad8921b.jpg"
76,6,Bosch Laptop,9,"Forward direction recently approach throughout north.
State thing over must surface these. Population ago expect often perhaps event daughter. Nor board it technology where organization by.",397.57,0.84,798,3.8,4,2024-04-06 15:39:51,https://example.com/image_cc1c3b8b-8715-43ac-89a4-034ef9abde70.jpg
77,6,Lego Running Shoes,5,"Significant apply PM car agreement. Finally cell might. Mr later onto against teacher describe forward.
Born federal growth beyond thousand. Contain apply hundred their inside your.",325.95,0.93,119,1.2,40,2024-07-31 01:17:40,https://example.com/image_49cfb91d-9b6e-4383-8f90-d94c3cf7bd68.jpg
78,6,Lego Camera,2,Write blood expect beat. Everything themselves technology especially result player low human. Could reason senior politics. Use simple network act beat.,117.49,0.56,996,3.4,28,2024-04-03 10:02:07,https://example.com/image_be23ace1-8a36-4de0-bbb4-1bcec0a607e5.jpg
79,6,Samsung Running Shoes,3,Produce degree white range effect quickly understand leave. Positive current position political list reach employee win.,191.88,0.65,310,1.5,19,2024-07-15 02:02:14,"https://example.com/image_8d34bfc5-9114-4ba1-9023-5198d5fbd7b6.jpg,https://example.com/image_e9a87936-d9a2-4d00-a87d-3a7cfd39be82.jpg,https://example.com/image_591b7e63-5202-45c1-a027-36d6a4296574.jpg"
80,6,Puma Car Battery,3,Point seem inside administration least. Worker room message surface government start many. Many would bed blood weight under.,926.25,0.14,597,4.9,24,2024-10-03 00:06:46,"https://example.com/image_ebf626dc-7ae5-485c-b29d-39e291dcb891.jpg,https://example.com/image_68003474-36bb-420c-83b0-69b96d36597c.jpg"
81,6,Puma Laptop,5,"Worry summer once.
Chair part place eight.",250.87,0.46,932,1.2,10,2024-03-02 12:34:27,"https://example.com/image_58516cc5-3713-40a8-a14e-dbb0af333725.jpg,https://example.com/image_2d0d8e53-3807-4d2d-abd5-b2caf4e02b49.jpg,https://example.com/image_b5e4671e-280b-464d-876d-39cec006a88a.jpg,https://example.com/image_1b69c9b8-cd33-472a-a036-4d6ff0466528.jpg"
82,6,Philips Laptop,8,Six sure will policy article notice fly. Positive could pattern draw loss local.,152.62,0.4,419,3.0,7,2024-03-14 02:17:52,https://example.com/image_59404e6e-d4fa-4dd6-9101-a0e81255754b.jpg
83,6,Apple Laptop,3,"Almost worry window human. Rate pull property little direction exist score. Right watch from break price his me discover.
Whatever address pass available lot.",556.66,0.98,216,4.5,0,2024-10-08 21:00:04,"https://example.com/image_8c1c1c31-c269-4d5b-ada0-481492930567.jpg,https://example.com/image_647a073b-b737-4fab-9cc7-e4f739453d33.jpg"
84,6,Sony Smartphone,6,He marriage operation can hit establish.,581.47,0.8,961,3.7,26,2024-04-09 03:35:48,https://example.com/image_4e88e881-44ec-46d8-8530-fd2afb7502d6.jpg
85,7,Sony Camera,4,"Conference Democrat consumer Republican that chance.
Guy pull stay book. Television toward any. Mind seat author politics.
Reality where their increase people audience. Prevent base life mind space.",855.99,0.99,718,4.2,32,2024-07-22 02:47:42,"https://example.com/image_e3fdf1b2-722e-4c5e-a2ea-b4c58b45d000.jpg,https://example.com/image_fcc61c4c-3921-4c04-8f90-c704e6783238.jpg,https://example.com/image_e5862243-7daf-40af-8da7-555bd89b9773.jpg,https://example.com/image_65c09728-c60f-4b7c-9f62-6cba35e00c01.jpg"
86,7,Samsung Smartphone,1,Gas there game night. Fill there yet. Government alone doctor job head thought.,510.58,0.13,484,3.8,43,2024-03-27 08:35:06,"https://example.com/image_ac5efbd9-00c3-43d2-9770-f3bb3162e5b6.jpg,https://example.com/image_28b56567-3244-47bb-a1d8-3bad9da86c21.jpg"
87,7,Canon Smartphone,5,"Pretty close together seem big among eye. Claim door heart rich treatment change however.
Relate beat believe. Five upon half Mr. Today turn letter join.
Sell southern fast.",22.25,0.03,800,3.1,42,2024-01-10 23:02:16,"https://example.com/image_22d05079-5cf2-40fc-8315-127fee63a280.jpg,https://example.com/image_ac144c35-0f74-4245-a747-ed1112c57931.jpg"
88,7,Samsung Running Shoes,6,"Party any experience surface actually name discussion. Your consumer on edge assume. President technology price be force.
New article sign face. Head court federal material total.",617.86,0.61,463,2.0,1,2024-04-03 09:28:29,"https://example.com/image_6f1fe741-2e6c-48ba-97b0-edf503ea9fd4.jpg,https://example.com/image_3b37e36e-0c30-40e1-ad8d-f4289be16fbf.jpg"
89,7,Nike Blender,6,Assume difference control material popular he fight. Common century example two economy. Few have green major far world until degree.,676.6,0.65,888,0.9,6,2024-09-24 14:27:15,"https://example.com/image_c316abab-820e-4b59-89a5-b505c81b5430.jpg,https://example.com/image_28591e3e-a0f0-4593-882f-310721797273.jpg,https://example.com/image_be238cbc-96b7-4bd0-86d8-7e5c2785ea97.jpg,https://example.com/image_5937f3c6-720f-49d8-a215-5397be189558.jpg,https://example.com/image_d8c8ecb0-fecd-45fa-9e17-539eea3d0a5e.jpg"
90,7,Adidas Headphones,9,"Let goal national wrong. Scene police analysis media forward reflect money American.
Kid fly nothing meet. Her leader discover society cell loss lot.",34.12,0.46,721,0.1,14,2024-03-11 10:56:51,"https://example.com/image_cefb9260-e077-45aa-972b-d4d6777e35d6.jpg,https://example.com/image_dcf5d9ca-63f6-476b-a04e-7f1fd02ba0f5.jpg,https://example.com/image_93ef339c-a83b-4f71-ba47-9301740b5dc2.jpg,https://example.com/image_4575ff0f-934c-4350-92f6-bff304f69873.jpg"
91,7,Nike Smartphone,6,"Member game choose painting himself others short. Church attention think get.
Use close fight. Who time natural support indicate. Share own itself learn center.",192.34,0.89,943,3.0,26,2024-02-08 19:07:59,"https://example.com/image_5ed67932-2438-43c8-b5b3-a3cb58371c5f.jpg,https://example.com/image_0cb3384c-84c7-4cc0-8ddf-f6cd876b9a25.jpg,https://example.com/image_eb9ed637-9e3e-4b12-bd1d-cefcaff40d78.jpg,https://example.com/image_8e579bae-5468-48f1-9b98-a844cc407953.jpg,https://example.com/image_e9447f11-75ca-42ff-822e-fc4287c911ea.jpg"
92,7,Lego Headphones,5,"Hear within somebody less civil power budget. Minute add grow serve degree authority person.
They mission green reason political talk choose require. Million easy these style service nearly image.",904.96,0.94,319,0.1,19,2024-07-25 19:45:03,"https://example.com/image_dae777e8-a6e9-4bf1-9307-80e42e114d2d.jpg,https://example.com/image_dad75387-ef66-4018-99af-34325bf6a425.jpg,https://example.com/image_a532d912-06c7-449e-b787-321b9b8c4ec9.jpg,https://example.com/image_52f42c9d-bb14-41b9-88d6-5bc3a2b382ee.jpg"
93,7,Lego Vacuum Cleaner,2,"South effect trade network smile. Particularly trouble develop choose stock usually white.
Mouth agent capital sing ask design. Change whom hold center local.",46.08,0.84,873,3.1,22,2024-04-30 03:02:14,https://example.com/image_e8c5bfe7-643d-4418-9c2b-02dfcd9497bb.jpg
94,7,Nike Blender,2,"Very his movement myself tell. Skin he involve themselves join. Current head bed role including manage threat.
Guy goal education wonder common Mrs. Space myself evidence station safe role.",973.66,0.23,385,3.3,38,2024-07-25 13:19:52,"https://example.com/image_4d59a5fb-cdd5-4857-9e1a-855b50d5d8a4.jpg,https://example.com/image_414aaa1a-b7ca-44b5-b743-51a003db8362.jpg,https://example.com/image_88942c5a-4463-4af5-88d0-740a00608773.jpg,https://example.com/image_75fb3be8-9775-4ff2-925d-2e77500faaec.jpg,https://example.com/image_ad0308ce-2ec8-4e88-bb93-684b840a0930.jpg"
95,7,Canon Shampoo,10,"Size page easy. Throughout bring draw toward sense and.
Allow doctor dark usually pick know success. Beyond carry tax condition hold drop represent.",158.73,0.32,878,0.4,6,2024-08-15 01:38:22,"https://example.com/image_b17084ab-0cb1-473d-a655-18f6fef63b00.jpg,https://example.com/image_da847d50-cbb5-4634-bf64-9d5724a2cf5b.jpg,https://example.com/image_65d3a705-2dd8-4bde-9aad-b2f20855b7ae.jpg,https://example.com/image_88af272d-58d7-4b5b-a1e4-b574286ad8de.jpg,https://example.com/image_8dc4d716-fa03-4797-8fee-047f74fe4a48.jpg"
96,7,Nike Air Fryer,10,Get rest woman both space population western imagine. Congress throw decide machine Mr century their. Security message recent tend result. Class fight seek operation send night.,486.16,0.81,749,0.2,41,2024-01-10 08:57:21,"https://example.com/image_71ad6dfd-4b7b-4f87-a98e-4d5e3324cf3f.jpg,https://example.com/image_a1b32010-bca3-4ec3-ae07-13b5f9d730a6.jpg"
97,7,Puma Running Shoes,10,"Concern play rock. Generation show human standard water put yeah bar. Exactly early movie.
Any door community. Billion realize term occur act cold similar.",581.0,0.81,714,3.3,16,2024-08-24 18:14:07,"https://example.com/image_ed7c54ef-fd2b-40c5-bee7-32df03173d53.jpg,https://example.com/image_58c5ad96-16c5-4579-bc63-c12df580ecf3.jpg,https://example.com/image_c1b54ffc-30a1-4db5-a8f6-f74069966e6a.jpg,https://example.com/image_cd6ecc17-9a62-4fe3-adcc-78485675c74e.jpg,https://example.com/image_915d10a8-6aa0-4130-a856-b3f56c5cb1d0.jpg"
98,7,Puma Running Shoes,2,Something prove visit voice scene sport change. Want reason all these poor goal eight could. Great exactly herself. Itself power short dream interview property their.,132.27,0.14,343,0.2,0,2024-08-29 16:11:44,"https://example.com/image_873dd44c-0414-4d38-9599-de8ca2b917ca.jpg,https://example.com/image_83e2443a-23cd-4c70-80f0-1898c85c51a2.jpg"
99,7,Bosch Car Battery,10,Just paper politics else. Age PM before already wish billion. Close through behind thing cause lawyer different.,167.28,0.63,247,1.1,48,2024-10-06 18:53:30,"https://example.com/image_93e67dfd-ca99-425a-8280-0459d5213f86.jpg,https://example.com/image_3b4c7cbb-35ac-42ac-9e5e-0337baf3106c.jpg,https://example.com/image_26c61d4c-98b5-48c2-82ea-7fd9395f6fdf.jpg,https://example.com/image_353fe1d4-3081-4c40-8353-5e355c3916c2.jpg"
100,7,Samsung Laptop,3,Fire increase talk market large number. Prevent father wish house scientist next skin.,666.52,0.28,114,2.5,27,2024-04-28 17:22:34,"https://example.com/image_d0179ca3-de3d-4f4a-9432-f4b112ae9b19.jpg,https://example.com/image_e4fdde1c-df42-43e8-94f4-83f6ccc7fe3c.jpg,https://example.com/image_2eaac5cb-2093-45b5-b155-052386a62232.jpg,https://example.com/image_00eb18b9-e0f5-4927-8887-ab1016da97ee.jpg"
101,8,Sony Laptop,6,Become across why small. Since American carry no occur often. Reduce deal hit candidate security prove seek try.,871.12,0.25,581,5.0,42,2024-06-02 23:18:20,https://example.com/image_666716d1-8544-434f-a5a6-41fab449e4b8.jpg
102,8,Lego Action Figure,4,Student deep concern occur tend security. Other low least manage similar difficult. Three exist manager opportunity look agency.,116.12,0.18,670,1.6,0,2024-04-17 19:40:17,"https://example.com/image_798c3376-b5c7-474e-847e-8041aad070a6.jpg,https://example.com/image_6deb0419-913e-4c5a-b86a-8c2107c15eee.jpg"
103,8,Apple Soccer Ball,8,Although financial big benefit page amount the. Them growth political less across. Exactly color left their newspaper environmental. Campaign film surface of.,209.88,0.43,348,0.2,48,2024-10-04 19:07:03,"https://example.com/image_f6fcf0a9-3150-433a-b312-bea1138c18d2.jpg,https://example.com/image_0049c455-9339-4531-8dea-824b6ed0bcad.jpg,https://example.com/image_1575ce52-0189-4a70-89bc-f8160784b7c2.jpg,https://example.com/image_d2923af0-2db7-4dff-8f48-c8411de183aa.jpg,https://example.com/image_e59d666f-06bc-48f4-99dd-fbeb4c23337f.jpg"
104,8,Bosch Smartphone,3,"Third stage least. Identify avoid hold back specific whose. Floor outside detail wide.
Pattern determine look should.",395.59,0.25,904,4.2,28,2024-06-29 05:48:41,"https://example.com/image_daddc055-a20a-4725-9d74-178f4e06035d.jpg,https://example.com/image_67ad4397-2050-4fdf-8849-17902378e8cd.jpg"
105,8,Samsung Smartphone,6,"Religious window most campaign treatment. Once usually general idea election. Weight born tax attack I over article.
Establish safe most party once. Bar town wish note with finish.",10.97,0.13,68,1.5,31,2024-02-09 08:39:09,"https://example.com/image_b00657ec-a17f-4714-a705-cfb25cbea852.jpg,https://example.com/image_ae50d36b-190a-4767-ab36-f093d1fd4758.jpg,https://example.com/image_ba3eaf05-8bf4-4a3f-8d14-11e0ac7af484.jpg,https://example.com/image_b6f2cde0-c002-4c59-92a3-0819ddc0e49f.jpg"
106,8,Lego Headphones,2,Culture small similar project information story car that. Whose method information official cause think middle dark. Public other nor man store require audience. Glass determine campaign three.,287.34,0.91,139,2.5,19,2024-06-20 03:55:10,https://example.com/image_cc491516-cdfe-4cb1-b5b0-82add784f06a.jpg
107,8,Adidas Novel,1,One allow fly TV about. High kitchen but market feeling assume. Mention none former letter open.,53.32,0.82,688,2.6,44,2024-01-14 21:02:43,https://example.com/image_74d7e100-0748-4c56-a5dc-9dd4bdfac105.jpg
108,8,Canon Camera,9,On song so election usually whose. Brother morning probably style enjoy picture easy.,976.97,0.71,529,4.1,0,2024-06-29 04:52:36,"https://example.com/image_6d9eea7a-ddc6-4f84-a8b9-a6014890c23c.jpg,https://example.com/image_c51132b6-347f-41cf-8f11-1ecbb3bd404f.jpg,https://example.com/image_e08390a6-bc01-47bb-91ca-aeeaf792260f.jpg,https://example.com/image_720c37b2-3202-46b5-a9b8-985813360481.jpg,https://example.com/image_7be5a856-9908-4047-897b-e576309e7c94.jpg"
109,8,Bosch Vacuum Cleaner,5,"Technology ten factor hand. Degree side cut market exactly every. Statement morning send.
Others anything strategy well event lay many. View suggest true social.",683.56,0.49,410,2.3,30,2024-05-21 01:46:28,"https://example.com/image_33b79dcb-61f3-4ad5-a7ce-5735bd3c0795.jpg,https://example.com/image_d90980bf-1c62-44d1-bb75-5fa3256003f5.jpg"
110,8,Lego Shampoo,1,"Task rock apply set. Inside federal fire commercial. To between space not sometimes conference.
Simple mention ready down collection. Local million value lose establish develop.",77.12,0.98,40,4.0,47,2024-01-28 12:27:04,https://example.com/image_947ae669-69ee-41dd-8380-50ff5ac887c1.jpg
111,8,Puma Soccer Ball,5,Mean likely entire service. Option what according inside. Author increase plant pull sea price.,599.61,0.33,381,0.9,20,2024-04-06 22:30:42,"https://example.com/image_aa49ce5f-2539-4669-9bab-a256decfb9cf.jpg,https://example.com/image_d352af1c-a608-45b2-8284-85068140f3a1.jpg,https://example.com/image_ed880f5a-f3d2-4529-832c-7dbe0aa9d276.jpg,https://example.com/image_8bb117d3-b3ea-42a1-920b-207c45d475ae.jpg,https://example.com/image_dee6bdf0-f59b-4924-8e00-fc33da137c0e.jpg"
112,8,Canon Car Battery,2,"Realize health energy action. Already dream attention most even blue begin still.
Opportunity there building. Series return action cup film animal.",811.53,0.66,285,3.6,7,2024-04-25 22:16:36,"https://example.com/image_b6c7f5b3-5ba8-4bc9-9d79-1b8e34258bb5.jpg,https://example.com/image_68ae7533-d60e-4858-8676-d5113d93699f.jpg,https://example.com/image_d669080d-ea93-40f4-81d5-d718009107b7.jpg"
113,8,Lego Shampoo,3,"Affect speech Mrs see race.
Democrat however officer factor simply let send. Message current approach require society there. Work ever walk someone.",162.71,0.3,221,4.8,45,2024-01-02 18:37:18,"https://example.com/image_7a113b24-8e27-4898-8307-96954a4a6b50.jpg,https://example.com/image_d337c55f-a071-4631-8790-99bc036db52f.jpg,https://example.com/image_2277d6e4-0ad5-4eb7-8bf1-01073ae059c1.jpg"
114,8,Bosch Smartphone,7,"Price per himself concern help trip century. Evidence certainly national season.
Positive campaign despite appear all. Clearly describe beyond near nearly type wind.",100.68,0.62,818,0.9,24,2024-05-03 20:39:42,"https://example.com/image_0f455256-97d6-438a-b01c-93d6864d9a51.jpg,https://example.com/image_72cbb3d2-5a86-4c38-99c9-88c70885b17f.jpg,https://example.com/image_448ad216-3749-4e0e-9063-caa4004fc720.jpg,https://example.com/image_f78bfcf4-0cad-439d-90d5-218a3f167cd1.jpg,https://example.com/image_22ee206c-5496-43e1-b726-dabad10e115b.jpg"
115,8,Apple Running Shoes,3,Attack bit into live course song say. Student civil summer lot democratic. Generation available across eight dinner voice.,991.31,0.7,513,1.5,28,2024-08-06 19:01:37,"https://example.com/image_5ec2a84c-73a7-4e2f-9f09-0d487dfbf801.jpg,https://example.com/image_2642f41a-d23c-4db9-8766-d88bec6002b3.jpg,https://example.com/image_a8494209-3888-4c7f-a7db-06c1ce3bcf12.jpg,https://example.com/image_4583bcce-2418-4fcf-ac35-5df8ee470119.jpg,https://example.com/image_1342369e-581a-4375-a2f1-9393c0e1ecf2.jpg"
116,8,Samsung Air Fryer,8,"Reason class style picture. Base should third. Also likely anything should design American.
Practice continue college. Back across turn goal over. Through meet account model minute care question.",262.53,0.85,998,5.0,38,2024-08-20 07:49:43,https://example.com/image_e20edf7c-0370-4719-811c-20693fb04b91.jpg
117,8,Nike Action Figure,9,Modern site together glass reason talk. Minute forget nor detail box stuff risk. Continue his suddenly step.,107.45,0.66,682,2.9,18,2024-08-11 01:30:35,"https://example.com/image_7a367b76-2a5c-43bf-b0b4-524a273f4dbf.jpg,https://example.com/image_7e44b4c1-644b-4021-a1db-a9b214943959.jpg,https://example.com/image_b966ddb6-c21c-4680-bb73-818ca6ad8d08.jpg"
118,8,Nike Action Figure,4,"Write four by nearly. At most benefit whole.
Clear simple bring trade then future law. Big understand so data seven dinner today long. Social collection able state place somebody.",258.06,0.05,653,1.4,23,2024-03-29 05:46:05,https://example.com/image_e852f33f-2e69-48fd-9680-6e7b1cf90ea6.jpg
119,8,Puma Soccer Ball,2,"Hotel little table. These forward else arrive role wife. Such data loss nothing fish and tend page.
Able enter national serve. Draw eight care also marriage PM. Develop dream happy certain.",850.14,0.28,571,3.0,38,2024-08-02 15:45:53,https://example.com/image_99ed9c94-6174-4415-9db3-c66b5126b7fe.jpg
